1276	Let's try something.	180624	Vamos tentar alguma coisa!
1276	Let's try something.	419917	Vamos tentar algo!
1277	I have to go to sleep.	182184	Preciso ir dormir.
1277	I have to go to sleep.	893320	Tenho que ir dormir.
1277	I have to go to sleep.	1502853	Preciso dormir.
1277	I have to go to sleep.	3274538	Tenho de dormir.
1280	Today is June 18th and it is Muiriel's birthday!	331977	Hoje é dia 18 de junho, aniversário do Muiriel!
1280	Today is June 18th and it is Muiriel's birthday!	395134	Hoje é 18 de junho e é aniversário de Muiriel!
1280	Today is June 18th and it is Muiriel's birthday!	1573229	Hoje é 18 de junho e é o aniversário de Muiriel!
1280	Today is June 18th and it is Muiriel's birthday!	2057000	Hoje é 18 de junho e é aniversário de Muiriel.
1282	Muiriel is 20 now.	331973	Muriel completou 20 anos.
1282	Muiriel is 20 now.	347632	Muiriel tem 20 anos agora.
1282	Muiriel is 20 now.	376164	Agora Muiriel tem 20 anos.
1282	Muiriel is 20 now.	1573225	Muriel tem 20 anos agora.
1282	Muiriel is 20 now.	2206330	A Muriel está com 20 anos agora.
1282	Muiriel is 20 now.	2206332	A Muiriel fez 20 anos agora.
1283	The password is "Muiriel".	331979	A senha é "Muiriel".
1283	The password is "Muiriel".	2056997	A senha é ''Muiriel''.
1284	I will be back soon.	331974	Voltarei em breve.
1284	I will be back soon.	347639	Volto logo.
1284	I will be back soon.	951446	Já volto.
1284	I will be back soon.	1150190	Volto já.
1284	I will be back soon.	1291580	Voltarei logo.
1284	I will be back soon.	2056995	Estarei de volta logo.
1286	I'm at a loss for words.	395136	Não tenho palavras.
1287	This is never going to end.	395137	Isso nunca acaba.
1287	This is never going to end.	893315	Isso nunca vai ter fim.
1287	This is never going to end.	965782	Isso não vai acabar nunca.
1287	This is never going to end.	978426	Isso não acabará nunca.
1287	This is never going to end.	1573222	Isso nunca acabará.
1287	This is never going to end.	3424877	Isso nunca vai acabar.
1288	I just don't know what to say.	395138	Eu simplesmente não sei o que dizer...
1289	That was an evil bunny.	893294	Era um coelho mau.
1290	I was in the mountains.	397600	Eu estava nas montanhas.
1291	Is it a recent picture?	397614	É uma foto recente?
1292	I don't know if I have the time.	397599	Não sei se tenho tempo.
1294	Education in this world disappoints me.	397615	A educação nesse mundo me decepciona.
1295	You're in better shape than I am.	414994	Você está em melhor forma do que eu.
1296	You are in my way.	414995	Você está no meio.
1296	You are in my way.	414996	Você está no meu caminho.
1298	This will cost €30.	397637	Vai custar €30.
1299	I make €100 a day.	347647	Eu ganho €100 por dia.
1300	I may give up soon and just nap instead.	340622	Pode ser que eu desista em breve e, em vez disso, tire uma soneca.
1301	It's because you don't want to be alone.	405015	É porque você não quer ficar sozinho.
1302	That won't happen.	397604	Isso não vai acontecer.
1302	That won't happen.	1227764	Isso não acontecerá.
1303	Sometimes he can be a strange guy.	405381	Algumas vezes ele é um cara estranho.
1303	Sometimes he can be a strange guy.	978428	Às vezes ele pode ser um rapaz estranho.
1304	I'll do my best not to disturb your studying.	404846	Farei o melhor de mim para não atrapalhar seus estudos.
1305	I can only wonder if this is the same for everyone else.	405248	Só me resta me perguntar se é do mesmo jeito com todo mundo.
1306	I suppose it's different when you think about it over the long term.	404994	Eu suponho que seja diferente quando você pensa sobre isso a longo prazo.
1308	I miss you.	347660	Sinto sua falta.
1308	I miss you.	893304	Estou com saudades de você.
1308	I miss you.	3424881	Saudades.
1309	I'll call them tomorrow when I come back.	404845	Eu vou ligar para eles amanhã, quando eu voltar.
1309	I'll call them tomorrow when I come back.	3424880	Ligarei para eles amanhã quando eu voltar.
1310	I always liked mysterious characters more.	404976	Eu sempre gostei mais de personagens misteriosos.
1311	You should sleep.	397596	Você deveria ir dormir.
1311	You should sleep.	1227766	Você deveria dormir.
1312	I'm going to go.	414997	Eu vou.
1312	I'm going to go.	414998	Eu irei.
1313	I told them to send me another ticket.	404842	Eu disse para eles para me enviarem outra entrada.
1313	I told them to send me another ticket.	978432	Disse-lhes que me mandassem outro boleto.
1314	You're so impatient with me.	405566	Você é tão impaciente comigo.
1314	You're so impatient with me.	405568	Você está tão impaciente comigo.
1314	You're so impatient with me.	978431	Tu és tão impaciente comigo.
1315	I can't live that kind of life.	405254	Eu não posso viver esse tipo de vida.
1315	I can't live that kind of life.	980732	Não posso viver esse modo de vida.
1315	I can't live that kind of life.	2086914	Não posso viver aquele tipo de vida.
1315	I can't live that kind of life.	2086916	Não consigo viver aquele tipo de vida.
1315	I can't live that kind of life.	2086918	Eu não consigo viver aquele tipo de vida.
1316	I once wanted to be an astrophysicist.	404993	Uma vez eu quis ser um astrofísico.
1317	I never liked biology.	347623	Eu jamais gostei de biologia.
1317	I never liked biology.	907601	Eu nunca gostei de biologia.
1317	I never liked biology.	2086919	Nunca gostei de biologia.
1317	I never liked biology.	2086923	Nunca curti biologia.
1318	The last person I told my idea to thought I was nuts.	405072	A última pessoa para quem eu contei a minha ideia achou que eu estava louca.
1318	The last person I told my idea to thought I was nuts.	1193897	A última pessoa a quem contei minha ideia pensou que eu estava louco.
1318	The last person I told my idea to thought I was nuts.	3424909	A última pessoa para quem contei minha ideia pensou que eu estava louco.
1319	If the world weren't in the shape it is now, I could trust anyone.	404850	Se o mundo não fosse como ele é hoje, eu poderia confiar em qualquer um.
1319	If the world weren't in the shape it is now, I could trust anyone.	1193898	Se o mundo não fosse como é, eu poderia confiar em qualquer um.
1320	It is unfortunately true.	397601	É verdade, infelizmente.
1320	It is unfortunately true.	2086908	Infelizmente é verdade.
1321	They are too busy fighting against each other to care for common ideals.	3653027	Eles estão muito ocupados lutando uns contra os outros para cuidar de ideais comuns.
1322	Most people think I'm crazy.	341220	A maioria das pessoas acham que eu sou louco.
1322	Most people think I'm crazy.	1656958	A maioria das pessoas acha que eu estou louco.
1323	No I'm not; you are!	375136	Não, eu não sou. Você que é!
1323	No I'm not; you are!	1734815	Não sou, não; você que é!
1323	No I'm not; you are!	2086896	Não, eu não sou; você é!
1323	No I'm not; you are!	2086901	Não, eu não estou; você está!
1323	No I'm not; you are!	2086904	Não, eu não sou; tu és!
1325	He's kicking me!	397682	Ele está me chutando!
1326	Are you sure?	397607	Tem certeza?
1326	Are you sure?	397608	Você está certo disso?
1326	Are you sure?	1086182	Vocês têm certeza?
1327	Then there is a problem...	405076	Então há um problema...
1328	Oh, there's a butterfly!	340424	Oh, ali está uma borboleta!
1328	Oh, there's a butterfly!	397624	Olha, uma borboleta!
1329	Hurry up.	347687	Apresse-se!
1329	Hurry up.	351198	Apresse-se.
1329	Hurry up.	1150759	Depressa!
1329	Hurry up.	1592071	Apressa-te!
1330	It doesn't surprise me.	395111	Não me surpreende.
1330	It doesn't surprise me.	869165	Isso não me surpreende.
1332	For some reason I feel more alive at night.	405208	Por alguma razão eu me sinto mais vivo à noite.
1332	For some reason I feel more alive at night.	2086931	Por alguma razão, eu me sinto mais vivo de noite.
1332	For some reason I feel more alive at night.	2086933	Por alguma razão, me sinto mais vivo a noite.
1333	It depends on the context.	404853	Depende do contexto.
1334	Are you freaking kidding me?!	405155	Você está brincando comigo?!
1334	Are you freaking kidding me?!	405156	Você está tentando me fazer de besta?!
1334	Are you freaking kidding me?!	1155737	Você está brincando comigo?
1335	That's the stupidest thing I've ever said.	397661	Essa foi a coisa mais estúpida que eu já disse.
1336	I don't want to be lame; I want to be cool!!	405276	Eu não quero ser bobo, quero ser legal!!
1337	When I grow up, I want to be a king.	347626	Quando eu crescer eu quero ser rei.
1337	When I grow up, I want to be a king.	404873	Quando eu crescer eu quero ser um rei.
1337	When I grow up, I want to be a king.	1141533	Quando crescer, quero ser rei.
1338	America is a lovely place to be, if you are here to earn money.	404890	Os EUA são um bom lugar para viver, se você estiver aqui para ganhar dinheiro.
1339	I'm so fat.	397652	Estou tão gorda.
1339	I'm so fat.	397653	Eu sou muito gordo.
1339	I'm so fat.	1212893	Estou tão gordo.
1339	I'm so fat.	1212894	Eu sou tão gordo.
1339	I'm so fat.	1312162	Sou muito gordo.
1339	I'm so fat.	3128611	Estou muito gordo.
1340	So what?	397626	E daí?
1340	So what?	397627	E agora?
1341	I'm gonna shoot him.	404806	Eu vou atirar nele.
1343	I'm just saying!	404999	Eu só estou falando.
1343	I'm just saying!	906059	Só estou dizendo.
1344	That was probably what influenced their decision.	405070	Isso foi provavelmente o que os influenciou na decisão deles.
1344	That was probably what influenced their decision.	936781	Aquilo foi provavelmente o que influenciou a decisão deles.
1345	I've always wondered what it'd be like to have siblings.	405316	Eu sempre imaginei como seria ter irmãos.
1346	This is what I would have said.	406453	Isso é o que eu teria dito.
1347	It would take forever for me to explain everything.	405330	Eu levaria uma eternidade para explicar tudo.
1348	That's because you're a girl.	397633	É porque você é menina.
1349	Sometimes I can't help showing emotions.	906058	Às vezes não consigo me segurar ao mostrar minhas emoções.
1351	It would be something I'd have to program.	405329	Isso seria algo que eu teria que programar.
1352	I don't intend to be selfish.	404986	Eu não tenho a intenção de ser egoísta.
1353	Let's consider the worst that could happen.	405342	Vamos pensar no pior que pode acontecer.
1354	How many close friends do you have?	405237	Quantos amigos íntimos você tem?
1354	How many close friends do you have?	1001725	Quantos amigos próximos você tem?
1355	I may be antisocial, but it doesn't mean I don't talk to people.	405298	Eu posso ser antissocial, mas não significa que eu não fale com as pessoas.
1355	I may be antisocial, but it doesn't mean I don't talk to people.	1193903	Eu posso ser antissocial, mas isso não significa que não fale com as pessoas.
1356	This is always the way it has been.	405081	Sempre foi desse jeito.
1356	This is always the way it has been.	1043881	Isso sempre foi assim.
1357	I think it is best not to be impolite.	405307	Eu acho que é melhor não ser mal educado.
1358	One can always find time.	340599	Sempre se pode encontrar tempo.
1359	I'd be unhappy, but I wouldn't kill myself.	404998	Eu não ficaria feliz, mas eu não me mataria.
1360	Back in high school, I got up at 6 a.m. every morning.	404892	No ensino médio eu acordava às 6 da manhã todo dia.
1361	When I woke up, I was sad.	404874	Quando eu acordei, eu estava triste.
1362	That is somewhat explained at the end.	405401	Isso é mais ou menos explicado no fim.
1363	I thought you liked to learn new things.	404995	Eu pensei que você gostava de aprender coisas novas.
1364	Most people write about their daily life.	405035	A maioria das pessoas escreve sobre sua rotina diária.
1365	If I could send you a marshmallow, Trang, I would.	404793	Se eu pudesse te mandar um marshmallow, Trang, eu mandaria.
1366	In order to do that, you have to take risks.	405002	Para fazer isso, você tem que correr riscos.
1367	Every person who is alone is alone because they are afraid of others.	405197	Toda pessoa que é só é só porque ela tem medo de outras pessoas.
1368	Why do you ask?	380522	Por que pergunta?
1368	Why do you ask?	893392	Por que perguntas?
1370	I can't tell her now. It's not that simple anymore.	405260	Eu não posso contar a ela agora. Não é mais tão simples.
1371	I am a flawed person, but these are flaws that can easily be fixed.	404977	Eu sou uma pessoa que tem muitos defeitos, esses defeitos podem ser facilmente corrigidos.
1372	Whenever I find something I like, it's too expensive.	340716	Sempre quando eu acho algo que me agrade, este algo é caro demais.
1373	How long did you stay?	404971	Quanto tempo você ficou?
1374	Maybe it will be exactly the same for him.	405029	Talvez seja do mesmo jeito para ele.
1375	Innocence is a beautiful thing.	405005	A inocência é uma coisa bela.
1376	Humans were never meant to live forever.	405240	Os humanos não foram feitos para viver para sempre.
1377	I don't want to lose my ideas, even though some of them are a bit extreme.	340377	Eu não quero perder minhas ideias, mesmo que algumas delas sejam um pouco extremas.
1378	I think I have a theory about that.	405306	Eu acho que tenho uma teoria sobre isso.
1379	That is intriguing.	397659	Isso é intrigante.
1379	That is intriguing.	397660	Isso é interessante.
1380	You are saying you intentionally hide your good looks?	405551	Você está dizendo que esconde sua beleza intencionalmente?
1381	I do not have an account in these forums.	405272	Eu não tenho uma conta nesses fóruns.
1382	If anyone was to ask what the point of the story is, I really don't know.	405317	Se alguém perguntar qual é o sentido da história, eu realmente não sei.
1383	I didn't know where it came from.	340334	Eu não sabia de onde isso veio.
1384	I think my living with you has influenced your way of living.	405308	Eu acho que morar com você influenciou a sua forma de viver.
1384	I think my living with you has influenced your way of living.	1573244	Eu acho que morar com você influenciou seu estilo de vida.
1385	This is not important.	397635	Isso não é importante.
1385	This is not important.	397636	Isso não importa.
1385	This is not important.	2593147	Isto não é importante.
1386	I didn't like it.	404983	Eu não gostei.
1387	She's asking how that's possible.	405066	Ela está perguntando como isso é possível.
1388	You're just running away from life's problems.	405561	Você está simplesmente fugindo dos problemas da vida.
1388	You're just running away from life's problems.	1573239	Você só está fugindo dos problemas da vida.
1389	If you look at the lyrics, they don't really mean much.	405320	Se você olhar para a letra, ela não significa muito.
1389	If you look at the lyrics, they don't really mean much.	1573237	Se você olhar a letra da música, ela não significa muita coisa.
1390	There's a problem there that you don't see.	406441	Há um problema que você não consegue ver.
1391	You can do it.	340623	Tu consegues fazê-lo!
1391	You can do it.	405106	Você consegue!
1392	My physics teacher doesn't care if I skip classes.	405061	Meu professor de física não se importa se eu faltar às aulas.
1393	I wish I could go to Japan.	404843	Eu queria poder ir ao Japão.
1394	I hate it when there are a lot of people.	397706	Eu odeio quando tem muita gente.
1395	I have to go to bed.	340359	Eu preciso ir para a cama.
1397	I won't ask you anything else today.	404997	Eu não vou te perguntar mais nada hoje.
1398	It may freeze next week.	2592331	Pode ser que vá gear na semana que vem.
1399	Even though he apologized, I'm still furious.	404943	Embora ele tenha se desculpado, eu ainda estou furioso.
1399	Even though he apologized, I'm still furious.	973944	Embora ele tenha pedido desculpa, ainda estou furioso.
1400	The police will get you to find the bullets.	405074	A polícia vai fazer você encontrar as balas.
1401	Thanks for having explained to me at last why people take me for an idiot.	340448	Obrigado por me explicar finalmente por que as pessoas me tomam por um idiota.
1402	That wasn't my intention.	404862	Não era essa a minha intenção.
1404	Theoretically, I'm doing math.	405077	Teoricamente eu estou cursando matemática.
1407	It almost scared me not to see you online for a whole day.	414999	Quase me assustou não te ver online por um dia inteiro.
1408	I don't know what you mean.	404987	Eu não sei o que você quis dizer.
1409	My computer has got to be useful for something.	340604	Meu computador tem que me ser útil para algo.
1410	You wanted to tell me about freedom?	397667	Você queria falar comigo sobre liberdade?
1411	Uh, now it's really weird...	405531	Hmm, agora está realmente estranho...
1412	If I wanted to scare you, I would tell you what I dreamt about a few weeks ago.	405318	Se eu quisesse te assustar, eu te contaria o sonho que eu tive há algumas semanas atrás.
1413	One can't expect everything from schools.	405365	Ninguém pode esperar tudo das escolas.
1413	One can't expect everything from schools.	960583	Não se pode esperar tudo das escolas.
1414	There are many words that I don't understand.	380388	Há muitas palavras que não entendo.
1415	I don't like it when mathematicians who know much more than I do can't express themselves explicitly.	405275	Eu não gosto quando matemáticos que sabem muito mais do que eu não conseguem se expressar explicitamente.
1416	You're really not stupid.	405565	Realmente, você não é burro.
1417	I need to ask you a silly question.	404992	Eu preciso te fazer uma pergunta tola.
1418	I don't know how to demonstrate it, since it's too obvious!	397696	Eu não sei como demonstrar, já que é tão óbvio!
1419	I wouldn't have thought I would someday look up "Viagra" in Wikipedia.	340326	Eu jamais imaginaria que algum dia buscaria por "Viagra" na Wikipédia.
1420	Can it be phrased in another way?	404935	Pode ser dito de outra maneira?
1421	No one will know.	380510	Ninguém saberá.
1422	I found a solution, but I found it so fast that it can't be the right solution.	397701	Eu encontrei uma solução. Mas eu a encontrei tão rápido que não pode ser a solução correta.
1423	It seems interesting to me.	405013	Para mim parece ser interessante.
1424	Except that here, it's not so simple.	404830	Exceto que aqui não é tão simples assim.
1425	I like candlelight.	404840	Eu gosto da luz de velas.
1426	What did you answer?	404870	O que você respondeu?
1427	No, he's not my new boyfriend.	404857	Não, não é meu novo namorado.
1428	It's too bad that I don't need to lose weight.	405019	É uma pena que eu não precise perder peso.
1429	You never have class or what?!	405108	Você nunca tem aula ou o quê?
1430	I will play Sudoku then instead of continuing to bother you.	404996	Então eu vou jogar Sudoku em vez de continuar a te aborrecer.
1431	Where is the problem?	397605	Onde está o problema?
1431	Where is the problem?	397606	Onde é o problema?
1432	I can only wait.	340337	Eu só posso esperar.
1432	I can only wait.	397694	Só me resta esperar.
1433	It's not much of a surprise, is it?	405333	Não é tão surpresa assim, não é?
1434	I love you.	369537	Te amo.
1434	I love you.	375145	Eu te amo.
1434	I love you.	913261	Eu amo você.
1434	I love you.	1189907	Eu a amo.
1434	I love you.	1198157	Eu te amo!
1434	I love you.	1382778	Amo você.
1434	I love you.	1382784	Amo-te.
1434	I love you.	1729570	Eu o amo.
1435	I don't like you anymore.	397699	Eu não gosto mais de você.
1435	I don't like you anymore.	1487930	Já não gosto de ti.
1436	I am curious.	340729	Eu estou curioso.
1436	I am curious.	397692	Eu sou curioso.
1436	I am curious.	397693	Eu sou curiosa.
1436	I am curious.	1155781	Quero saber.
1437	Congratulations!	397642	Parabéns.
1437	Congratulations!	397643	Meus parabéns!
1438	I don't want to wait that long.	404990	Eu não quero esperar tanto.
1439	Why don't you come visit us?	405546	Por que você não vem nos visitar?
1440	But the possibility seems unlikely.	405161	Mas a possibilidade é improvável.
1442	I shouldn't have logged off.	414983	Eu não devia ter me deslogado.
1443	I don't know what to do anymore.	404791	Eu não sei mais o que fazer.
1444	It is inevitable that I go to France someday, I just don't know when.	340344	É inevitável que eu vá para a França um dia, eu só não sei quando.
1445	I hate chemistry.	397704	Eu odeio química.
1445	I hate chemistry.	397705	Detesto química.
1446	I didn't want this to happen.	404984	Eu não queria que isso acontecesse.
1447	You can probably guess what happens though.	414984	Você pode provavelmente adivinhar o que acontece, porém.
1448	Next thing you know, you'll be in the papers.	906054	Antes de se dar conta, você estará nos jornais.
1449	What other options do I have?	404872	Que outras opções eu tenho?
1450	I am not much of a traveller.	405245	Eu não sou muito de viajar.
1451	I have nothing better to do.	389301	Não tenho nada melhor para fazer.
1452	I can't explain it either.	404982	Eu também não consigo explicar.
1453	Everyone has strengths and weaknesses.	404946	Todos têm forças e fraquezas.
1454	Seriously though, episode 21 made me almost cry while laughing.	405375	Agora falando sério, o episódio 21 quase me fez chorar de rir.
1455	It only shows you're not a robot.	405325	Isso só mostra que você não é um robô.
1456	How could I be a robot? Robots don't dream.	404969	Como eu poderia ser um robô? Robôs não sonham.
1458	It's not something anyone can do.	405018	Não é algo que qualquer um seja capaz de fazer.
1459	I don't know if I still have it.	397648	Eu não sei se ainda o tenho.
1460	What do you think I've been doing?	384928	O que você acha que eu estive fazendo?
1461	Don't underestimate my power.	404941	Não subestime meu poder.
1462	My mom doesn't speak English very well.	2583073	Minha mãe não fala inglês muito bem.
1463	I don't speak French well enough!	1121815	Não falo francês bem o suficiente!
1464	I was wondering if you were going to show up today.	405311	Eu estava me perguntando se você ia aparecer hoje.
1465	Therein lies the problem.	405080	É aí que está o problema.
1466	How do you find food in outer space?	397689	Como você encontra comida no espaço?
1467	All you can do is trust one another.	404888	Tudo que vocês podem fazer é confiar um no outro.
1468	Everyone wants to meet you. You're famous!	397647	Todo mundo quer te conhecer. Você é famoso!
1469	Why are you sorry for something you haven't done?	405103	Por que você se desculpa por algo que você não fez?
1471	Foreign people intrigue me.	404948	Eu fico intrigado com estrangeiros.
1472	Whatever I do, she says I can do better.	405090	Não importa o que eu fizer, ela diz que eu posso fazer melhor.
1473	What keeps you up so late?	405088	O que te mantém acordado até tão tarde?
1474	You'd be surprised what you can learn in a week.	405119	Você ficaria surpreso com a quantidade de coisas que você pode aprender em uma semana.
1475	I don't have anyone who'd travel with me.	404985	Eu não tenho ninguém que viaje comigo.
1476	You're not fast enough.	404879	Você não é rápido o bastante.
1477	Life is hard, but I am harder.	405343	A vida é dura, mas eu sou mais ainda.
1477	Life is hard, but I am harder.	3191025	A vida é dura, mas eu sou mais duro.
1478	Bearing can be unbearable.	404893	Suportar pode ser insuportável.
1479	Stop it! You're making her feel uncomfortable!	405387	Pare! Você está a deixando inconfortável.
1480	Nothing is beautiful but the truth.	380482	Somente a verdade é bela.
1481	Tomorrow, he will land on the moon.	340618	Amanhã ele irá aterrissar na lua.
1482	I don't speak Japanese.	340438	Eu não falo japonês.
1483	This is a pun.	404867	Isso é um jogo de palavras.
1484	Nobody understands me.	380512	Ninguém me entende.
1484	Nobody understands me.	530808	Ninguém me compreende.
1485	I learned to live without her.	404991	Eu aprendi a viver sem ela.
1486	It's useless to keep on thinking any more.	405335	Não adianta mais nada continuar pensando.
1487	I have too many things on my mind these days.	405288	Estou com muitas coisas na cabeça nesses últimos dias.
1488	I just wanted to check my email.	405289	Eu só queria checar o meu e-mail.
1488	I just wanted to check my email.	1573263	Eu só queria checar meu e-mail.
1489	Do you really need to ask the question to know the answer?	340369	Você realmente precisa perguntar pra saber a resposta?
1489	Do you really need to ask the question to know the answer?	1573261	Você realmente precisa fazer a pergunta para saber a resposta?
1490	You can't expect me to always think of everything!	405554	Você não pode esperar que eu sempre pense em tudo!
1491	I suppose that behind each thing we have to do, there's something we want to do...	414985	Eu suponho que por trás de tudo que temos que fazer há algo que queremos fazer...
1491	I suppose that behind each thing we have to do, there's something we want to do...	1573260	Eu imagino que por trás de cada coisa que temos que fazer, existe algo que queremos fazer.
1492	You really don't have the right priorities!	414986	Você realmente não tem as prioridades corretas!
1493	Don't expect others to think for you!	406490	Não espere que as outras pessoas pensem por você.
1494	You never have time for important things!	405594	Você nunca tem tempo para coisas importantes!
1494	You never have time for important things!	1573259	Você nunca tem tempo para as coisas importantes.
1495	It's no use pretending to make me believe that I believe things you don't believe!	414987	Não há porque fingir para me fazer acreditar que eu acredito em coisas que você não acredita!
1496	It would take me too much time to explain to you why it's not going to work.	381666	Eu levaria tempo demais para lhe explicar porque não vai funcionar.
1496	It would take me too much time to explain to you why it's not going to work.	1573258	Eu levaria muito tempo para te explicar porquê isso não vai funcionar.
1497	I'm so dumb... I'm trying to explain things to you that I don't understand myself.	405313	Eu sou tão burro... estou tentando te explicar coisas que eu mesmo não entendo.
1498	Stop seeing me as a "normal" person!	405068	Pare de me ver como uma pessoa comum.
1499	Are you referring to me?	414988	Você está referindo a mim?
1499	Are you referring to me?	893337	Você está falando de mim?
1499	Are you referring to me?	3174417	Você se refere a mim?
1500	There will always be things I will never learn, I don't have eternity before me!	414989	Sempre haverá coisas que eu nunca vou aprender. Eu não tenho a eternidade à minha disposição!
1501	It can't be!	397655	Não pode ser!
1501	It can't be!	397656	Mentira!
1502	I wish I could care more about my grades but it seems that, at a certain point of my life, I decided they wouldn't be so important anymore.	414990	Eu queria poder me importar mais com minhas notas, mas parece que, em um certo ponto da minha vida, eu decidi que isso não seria mais tão importante.
1504	Would you like something to drink?	414991	Você deseja beber algo?
1504	Would you like something to drink?	414992	Você quer tomar alguma coisa?
1504	Would you like something to drink?	722416	Você gostaria de algo para beber?
1505	"Who is it?" "It's your mother."	404883	"Quem é essa?" "É a sua mãe."
1506	"When will you be back?" "It all depends on the weather."	405135	"Quando você vai voltar?" "Só depende do tempo."
1507	"What's the matter?" asked the little white rabbit.	405581	"Qual é o problema?", perguntou o pequeno coelho branco.
1508	"What's going on in the cave? I'm curious." "I have no idea."	405580	"O que está acontecendo na caverna? Estou curioso." "Não faço ideia"
1509	We must learn to live together as brothers, or we will perish together as fools.	414993	Nós devemos aprender a viver juntos como irmãos, ou vamos morrer juntos como tolos.
1510	Uh... How's that working?	405532	Hmm... Como as coisas estão indo?
1511	"To tell you the truth, I am scared of heights." "You are a coward!"	380483	"Para ser honesto, estou com medo de altura". "Você é um covarde!"
1512	"Trust me," he said.	340628	"Confie em mim", disse ele.
1513	"This is what I was looking for!" he exclaimed.	405127	"Era isso que eu estava procurando!" Ele exclamou.
1514	"This looks pretty interesting," Hiroshi says.	405579	"Isso parece ser bem interessante", Hiroshi diz.
1515	Their communication may be much more complex than we thought.	415055	A comunicação deles pode ser muito mais complicada do que nós pensamos.
1515	Their communication may be much more complex than we thought.	3045296	Sua comunicação pode ser muito mais complexa do que pensávamos.
1516	"The phone is ringing." "I'll get it."	340415	"O telefone está tocando." "Eu já estou indo".
1516	"The phone is ringing." "I'll get it."	405578	"O telefone está tocando." "Eu atendo."
1517	"That's very nice of you," Willie answered.	340735	"É muito gentil de vossa parte", respondeu Willie.
1519	Someday I'll run like the wind.	405380	Algum dia eu vou correr como o vento.
1520	"She likes music." "So do I."	415000	"Ela gosta de música." "Eu também."
1521	Please don't cry.	397625	Por favor, não chore.
1522	Let me know if there is anything I can do.	415001	Me avise se houver algo que eu possa fazer.
1523	It may be that the happiness awaiting us is not at all the sort of happiness we would want.	1580424	A felicidade que nos espera pode não ser aquela que gostaríamos.
1523	It may be that the happiness awaiting us is not at all the sort of happiness we would want.	2682352	Pode ser que a felicidade que nos aguarda não seja nada do tipo da felicidade que queremos.
1524	It is up to you to decide whether we will go there or not.	415059	Você que deve decidir se nós vamos ou não vamos lá.
1525	Class doesn't begin until eight-thirty.	417982	A aula só começa às oito e meia.
1525	Class doesn't begin until eight-thirty.	2845546	A aula não começa até as oito e meia.
1526	I want a boat that will take me far away from here.	347702	Eu quero um barco que me leve para bem longe daqui.
1527	"I feel like playing cards." "So do I."	397670	"Estou com vontade de jogar baralho." "Eu também."
1528	"Haven't we met somewhere before?" asked the student.	2423972	''Nós não nos encontramos em algum lugar antes?'' Pediu o estudante.
1530	Allen is a poet.	404889	Allen é um poeta.
1531	The archer killed the deer.	405398	O arqueiro matou o cervo.
1534	In the 1950's, the Finns were cited as having one of the least healthy diets in the world.	347678	Nos anos 50 os finlandeses eram citados como aqueles que tinham uma das dietas alimentares menos saudáveis do mundo.
1535	If you see a mistake, then please correct it.	340771	Se você vir um erro, corrija-o por favor.
1536	Place the deck of cards on the oaken table.	2583072	Coloque o baralho na mesa de carvalho.
1538	If you don't eat, you die.	415002	Se você não comer, você morre.
1539	How do you spell "pretty"?	380521	Como se escreve "pretty"?
1539	How do you spell "pretty"?	1265900	Como você escreve "pretty"?
1540	Why don't we go home?	415003	Por que não vamos pra casa?
1541	I'm sorry, I can't stay long.	415004	Me desculpe, eu não posso ficar por muito tempo.
1541	I'm sorry, I can't stay long.	1275617	Sinto muito, não posso ficar muito tempo.
1542	Ten years is a long time to wait.	415005	Dez anos é um tempo bem longo para se esperar.
1543	"Why aren't you going?" "Because I don't want to."	415066	"Por que você não vai?" "Porque eu não quero."
1543	"Why aren't you going?" "Because I don't want to."	893338	"Por que você não vai?" "Porque não estou a fim de ir."
1544	One million people lost their lives in the war.	381579	Um milhão de pessoas perderam as suas vidas na guerra.
1547	It is not rare at all to live over ninety years.	415006	Não é de maneira alguma raro viver mais de noventa anos.
1550	Democracy is the worst form of government, except all the others that have been tried.	397674	A democracia é a pior forma de governo, exceto por todas as outras que já foram testadas anteriormente.
1551	When you're beginning to look like the photo in your passport, you should go on a holiday.	415008	Quando você estiver ficando parecido com a sua foto do seu passaporte, está na hora de tirar uma folga.
1552	It wasn't me, commissioner!	405328	Não fui eu, comissário!
1553	Oh, my white pants! And they were new.	405364	Oh, minhas calças brancas! E elas eram novas!
1555	When I left the train station, I saw a man.	405540	Ao sair da estação de trem eu vi um homem.
1557	You're an angel!	404878	Você é um anjo!
1558	People from Madrid are weird.	415007	As pessoas de Madri são estranhas.
1559	Well, the night is quite long, isn't it?	415009	Bem, a noite é bem longa, não é?
1560	You're lucky because he didn't bite you.	415072	Você teve a sorte de ele não te morder.
1561	Did you miss me?	404828	Você sentiu a minha falta?
1561	Did you miss me?	404829	Sentiu saudades de mim?
1563	Are they all the same?	405600	São todos do mesmo tipo?
1563	Are they all the same?	405601	São todos iguais?
1564	Thank you very much!	395112	Muito obrigado!
1564	Thank you very much!	395113	Muito obrigada!
1565	Where are the eggs, please?	393113	Onde estão os ovos, por favor?
1566	I'll take him.	415010	Eu o levarei.
1567	It's a surprise.	380501	É surpresa.
1568	That's a good idea!	405393	Que boa ideia!
1569	Round trip? Only one-way.	405374	Ida e volta? Só ida.
1570	It's a pity when somebody dies.	415011	É uma pena quando alguém morre.
1571	They were left speechless.	415013	Deixaram eles sem saber o que dizer.
1574	Wash before first wearing.	415014	Lave antes de vestir pela primeira vez.
1575	Don't open before the train stops.	405185	Não abra antes do trem parar.
1577	Those who live in glass houses should not throw stones.	939663	Quem vive em casas de vidro não deveria jogar pedras.
1577	Those who live in glass houses should not throw stones.	1669606	Aqueles que vivem em casas de vidro não devem atirar pedras.
1578	They say love is blind.	390833	Dizem que o amor é cego.
1579	Oh, I'm sorry.	405362	Oh, me desculpe.
1579	Oh, I'm sorry.	405363	Oh, sinto muito.
1580	Math is like love: a simple idea, but it can get complicated.	405346	A matemática é como o amor: uma ideia simples, mas que pode se tornar bem complicada.
1581	The only useful answers are those that raise new questions.	405073	As únicas respostas úteis são aquelas que geram novas perguntas.
1582	To have doubts about oneself is the first sign of intelligence.	405082	Ter dúvidas em relação a si mesmo é o primeiro sinal de inteligência.
1582	To have doubts about oneself is the first sign of intelligence.	579087	Duvidar de si mesmo é o primeiro sinal de inteligência.
1583	Poor is not the one who has too little, but the one who wants too much.	415019	Pobre não é aquele que tem muito pouco, é aquele que quer ter demais.
1584	Seeing that you're not surprised, I think you must have known.	1593694	Vendo como não está surpreso, acho que você já deveria estar sabendo.
1585	How long does it take to get to the station?	405236	Quanto tempo leva para chegar na estação?
1586	This will be a good souvenir of my trip around the United States.	893388	Essa será uma boa lembrancinha da minha viagem pelos Estados Unidos.
1587	Excuse me; allow me to point out three errors in the above article.	415020	Com licença; permita-me apontar três erros no artigo acima.
1590	Do you speak Italian?	404790	Você fala italiano?
1591	"I can't think with that noise," she said, as she stared at the typewriter.	907592	"Eu não consigo pensar com esse barulho", disse ela, fixando os olhos na máquina de escrever.
1592	It is said that "Hamlet" is the most interesting play ever written.	415079	Dizem que Hamlet é a peça mais bem escrita de todas.
1594	May I ask a question?	405347	Posso fazer uma pergunta?
1594	May I ask a question?	893385	Posso perguntar uma coisa?
1595	"How do you feel?" he inquired.	405569	"Como você se sente?", ele perguntou.
1596	It's quite difficult to master French in 2 or 3 years.	380362	É muito difícil dominar francês em dois ou três anos.
1597	It's impossible for me to explain it to you.	347672	Me é impossível explicar isso para você.
1597	It's impossible for me to explain it to you.	405331	É impossível para mim explicar isso para você.
1598	I don't want to spend the rest of my life regretting it.	340360	Eu não quero passar o resto da minha vida lamentando por isso.
1599	It would be fun to see how things change over the years.	389292	Seria divertido ver como as coisas mudam ao passar dos anos.
1600	I would never have guessed that.	415021	Eu nunca teria adivinhado isso.
1601	Imagination affects every aspect of our lives.	417983	A imaginação afeta todos os aspectos das nossas vidas.
1602	You'll forget about me someday.	893386	Você vai me esquecer um dia.
1602	You'll forget about me someday.	893387	Um dia você não vai mais lembrar de mim.
1603	That is rather unexpected.	2592328	Isso é bem inesperado.
1603	That is rather unexpected.	2592329	Isso é bastante inesperado.
1604	I wonder how long it's going to take.	415073	Eu me pergunto quanto tempo vai durar.
1605	I can't live without a TV.	405258	Eu não consigo viver sem uma televisão.
1606	I couldn't have done it without you. Thank you.	415075	Eu não conseguiria ter feito sem você. Obrigado.
1606	I couldn't have done it without you. Thank you.	415076	Não seria possível eu fazer isso sem você. Muito obrigada.
1606	I couldn't have done it without you. Thank you.	2869714	Não poderia ter feito isso sem você. Obrigado.
1606	I couldn't have done it without you. Thank you.	2869715	Não poderia ter feito isso sem você. Obrigada.
1607	Nothing is achieved without effort.	389302	Nada se consegue sem esforço.
1609	Life without love is just totally pointless.	410446	Uma vida sem amor não tem sentido.
1609	Life without love is just totally pointless.	2856488	A vida sem amor não tem sentido algum.
1610	Let me know if I need to make any changes.	389293	Me informe se eu preciso fazer alguma mudança.
1611	I think exams are ruining education.	405304	Eu acho que as provas estão arruinando com a educação.
1612	We can't sleep because of the noise.	340439	Nós não conseguimos dormir por causa do barulho.
1613	Do you have a condom?	341135	Você tem uma camisinha?
1615	Do whatever he tells you.	401576	Faça tudo o que ele mandar.
1616	I can walk to school in 10 minutes.	755693	Posso ir à escola a pé em 10 minutos.
1617	It took me more than two hours to translate a few pages of English.	405326	Levei mais de duas horas para traduzir algumas páginas para inglês.
1618	It is already eleven.	405323	Já são 11 horas.
1619	May I talk to Ms. Brown?	415023	Posso falar com a Sra. Brown?
1620	"Yes, orange juice please," says Mike.	340703	"Sim, suco de laranja, por favor", diz Mike.
1621	"Ah!" is an interjection.	415024	"Ah!" é uma interjeição.
1622	What do you want?	415025	O que você quer?
1622	What do you want?	893339	O que você deseja?
1622	What do you want?	1220225	O que vocês querem?
1622	What do you want?	1926435	Que queres?
1626	Do you need me to give you some money?	406480	Você precisa que eu te dê algum dinheiro?
1627	Paris is the most beautiful city in the world.	415028	Paris é a cidade mais bonita do mundo.
1629	Hey, I may have no money, but I still have my pride.	415029	Ei, talvez eu não tenha dinheiro, mas eu ainda tenho meu orgulho.
1630	I have a dream.	376748	Eu tenho um sonho.
1632	The cost of life increased drastically.	340611	O custo de vida aumentou drasticamente.
1633	All that which is invented, is true.	404887	Tudo que já foi inventado é verdadeiro.
1634	To be surprised, to wonder, is to begin to understand.	404815	Ser surpreendido, se perguntar, é começar a entender.
1635	But the universe is infinite.	417984	Mas o Universo é infinito.
1637	And yet, the contrary is always true as well.	397645	E, mesmo assim, o contrário também é sempre verdade.
1638	We don't see things as they are, but as we are.	404816	Não vemos as coisas como elas são, mas como nós somos.
1639	The world is a den of crazies.	397662	O mundo é uma toca de loucos.
1641	You found me where no one else was looking.	417985	Você me achou onde ninguém mais estava procurando.
1642	You're by my side; everything's fine now.	405558	Você está do meu lado. Agora tudo está bem.
1643	What do you mean you don't know?!	405539	O que você quer dizer com você não sabe?
1644	You look stupid.	893340	Você está ridículo.
1645	I think I'm gonna go to sleep.	417987	Acho que eu vou dormir.
1646	My name is Jack.	397602	Meu nome é Jack.
1647	I like it very much.	340624	Eu gosto muito disso.
1648	We're meeting up tomorrow?	405536	Nos encontramos amanhã?
1649	How do you say that in Italian?	405234	Como se diz isso em italiano?
1650	I have to go shopping. I'll be back in an hour.	405286	Eu tenho que fazer compras. Voltarei em uma hora.
1650	I have to go shopping. I'll be back in an hour.	405287	Eu tenho que comprar algumas coisas. Estarei de volta daqui a uma hora.
1651	Is it far from here?	893383	É longe daqui?
1651	Is it far from here?	893384	É distante daqui?
1652	These things aren't mine!	417986	Essas coisas não são minhas!
1653	Thanks, that's all.	340433	Obrigado, isso é tudo.
1654	Would you like to dance with me?	380520	Gostaria de dançar comigo?
1658	Italy is a very beautiful country.	405020	A Itália é um país muito bonito.
1659	It's not my fault!	340352	Não é minha culpa!
1660	I'd like to stay for one night.	893344	Eu gostaria de ficar por uma noite.
1663	Where are the showers?	502289	Onde estão as duchas ?
1663	Where are the showers?	893382	Onde ficam os chuveiros?
1664	Open your mouth!	405064	Abra a sua boca!
1665	Is it bad?	893345	É grave?
1666	I have lost my wallet.	340436	Eu perdi minha carteira.
1668	Love is never wasted.	375146	Amar nunca é um desperdício.
1669	Life is what happens to you while you're busy making other plans.	390887	Vida é o que acontece enquanto você está ocupado fazendo outros planos.
1670	Not wanting is the same as having.	404807	Não querer é o mesmo que ter.
1671	He's very sexy.	405226	Ele é muito sexy.
1673	"Pass me the salt, please." "Here you are."	378332	"Pode passar o sal, por favor?" "Aqui está".
1674	There are too many things to do!	2592326	Há coisas demais por fazer!
1674	There are too many things to do!	2592327	Há tantas coisas para fazer!
1676	Come on, play with me, I'm so bored!	340711	Vamos, brinque comigo, estou tão entediado!
1677	Don't you even think of eating my chocolate!	406497	Nem pense em comer meu chocolate!
1678	Stop asking me for a drink! Go get it yourself.	3098869	Pare de ficar me pedindo uma bebida! Vá buscá-la você mesmo.
1679	Thanks to you I've lost my appetite.	389286	Graças a você eu perdi meu apetite.
1680	I really need to hit somebody.	2592323	Estou sentindo uma vontade enorme de bater em alguém.
1680	I really need to hit somebody.	2592324	Eu realmente preciso bater em alguém.
1681	Who doesn't know this problem?!	1394414	Quem não conhece esse problema?
1684	If you don't want to put on sunscreen, that's your problem. Just don't come complaining to me when you get a sunburn.	2592318	Se você não quer colocar protetor solar, isso é problema seu. Só não me venha reclamar quando você ficar queimado do sol.
1684	If you don't want to put on sunscreen, that's your problem. Just don't come complaining to me when you get a sunburn.	2592319	Se você não quer colocar protetor solar, isso é problema seu. Só não me venha reclamar quando você ficar queimada do sol.
1684	If you don't want to put on sunscreen, that's your problem. Just don't come complaining to me when you get a sunburn.	2592321	Se você não quiser colocar protetor solar, isso é problema seu. Só não venha reclamar para mim quando você ficar com uma queimadura por causa do sol.
1686	I hate those spiders. They're always there to freak me out when I'm cleaning.	393485	Odeio essas aranhas; elas sempre estão lá para me enlouquecerem quando estou fazendo uma limpeza.
1686	I hate those spiders. They're always there to freak me out when I'm cleaning.	2051889	Odeio aquelas aranhas. Elas estão sempre lá para me assustarem quando estou limpando.
1687	So annoying... Now I get a headache whenever I use the computer!	942954	Que chato... Eu não posso usar o computador nem mesmo uma vez sem ter dor de cabeça.
1688	It's so hot that you could cook an egg on the hood of a car.	405334	Está tão quente que você poderia cozinhar um ovo no capô de um carro.
1689	It is very hot today.	1167334	Hoje faz muito calor.
1689	It is very hot today.	1483297	Hoje está muito calor.
1690	Nobody came.	405063	Ninguém veio.
1691	I never saw a red fridge.	474004	Eu nunca via uma geladeira vermelha.
1693	Better to be hated for who you are than loved for who you're not.	340349	Melhor ser odiado por aquilo que somos do que ser amado por aquilo que não somos.
1695	Mathematics is the part of science you could continue to do if you woke up tomorrow and discovered the universe was gone.	3450510	A matemática é a parte da ciência que você poderia continuar a fazer se acordasse amanhã e descobrisse que o universo tinha desaparecido.
1698	Look at me when I talk to you!	390900	Olhe para mim quando eu falar com você!
1701	I don't know what to say to make you feel better.	2599454	Eu não sei o que dizer para fazer você se sentir melhor.
1703	I was trying to kill time.	1323039	Estava tentando matar o tempo.
1704	How did you come up with this crazy idea?	340327	Como foi que essa ideia insana lhe veio à mente?
1705	I'm tired.	347631	Eu estou cansado.
1705	I'm tired.	397715	Estou cansado.
1706	Who wants some hot chocolate?	405102	Quem quer chocolate quente?
1707	Speak more slowly, please!	405384	Fale mais devagar, por favor.
1709	When do we arrive?	3389431	Quando nós iremos chegar?
1710	The check, please.	340431	A conta, por favor.
1711	And what are we going to do?	405597	E o que nós vamos fazer?
1712	I have a headache.	380394	Estou com dor de cabeça.
1714	I must admit that I snore.	405299	Eu tenho que admitir que eu ronco.
1715	Tonight we're going to church.	3425760	Hoje à noite vamos à igreja.
1716	How are you? Did you have a good trip?	406601	Como você está? Teve uma boa viagem?
1717	I don't feel well.	406658	Eu não me sinto bem.
1718	Call the police!	405617	Chame a polícia!
1719	It's too expensive!	397616	É muito caro!
1720	She's faking sleep. That's why she's not snoring.	1267599	Ela está fingindo dormir. É por isso que não está roncando.
1721	My shoes are too small. I need new ones.	405356	Meus sapatos estão muito pequenos. Preciso de novos.
1725	"If you're tired, why don't you go to sleep?" "Because if I go to sleep now I will wake up too early."	405575	"Se você está cansado, por que você não vai dormir?" "Porque, se eu dormir agora, eu vou acordar muito cedo."
1726	You should have listened to me.	1669608	Você deveria ter me escutado.
1728	When the body is touched, receptors in the skin send messages to the brain causing the release of chemicals such as endorphins.	965626	Quando o corpo é tocado, receptores na pele enviam mensagens para o cérebro causando a descarga de substâncias químicas tais como endorfinas.
1735	The French government has launched an online game that challenges taxpayers to balance the national budget.	404216	O governo francês lançou um jogo online que desafia o contribuinte a balancear o orçamento nacional.
1736	He would be glad to hear that.	405223	Ele ficaria feliz em ouvir isso.
1737	What do you believe is true even though you cannot prove it?	1178660	O que você acha ser verdade apesar de não poder provar?
1738	Computers make people stupid.	517769	Computadores tornam as pessoas tolas.
1739	Don't ask what they think. Ask what they do.	406488	Não pergunte o que eles pensam. Pergunte o que eles fazem.
1741	What changes the world is communication, not information.	389294	O que modifica o mundo é comunicação, não informação.
1742	Most scientific breakthroughs are nothing else than the discovery of the obvious.	389303	A maioria dos grandes descobertas científicas são nada menos que a descoberta do óbvio.
1744	The past can only be known, not changed. The future can only be changed, not known.	389295	O passado só pode ser conhecido, não mudado. O futuro só pode ser mudado, não conhecido.
1745	The key question is not what can I gain but what do I have to lose.	933665	A questão não é o que eu tenho a ganhar, mas o que eu tenho a perder.
1747	Any universe simple enough to be understood is too simple to produce a mind able to understand it.	784987	Qualquer universo simples o bastante para ser compreendido é simples demais para produzir uma mente capaz de compreendê-lo.
1748	Why is life so full of suffering?	2508297	Por que a vida é tão cheia de sofrimento?
1750	What does it mean to have an educated mind in the 21st century?	886679	O que significa ter uma mente educada no século XXI?
1751	Passion creates suffering.	886680	A paixão cria sofrimento.
1752	The train from Geneva will arrive at the station.	886681	O trem que partiu de Genebra chegará à estação.
1753	I would like to give him a present for his birthday.	886682	Gostaria de lhe dar um presente pelo seu aniversário.
1754	I'm starving!	404847	Estou morrendo de fome!
1754	I'm starving!	524317	Estou morrendo de fome.
1754	I'm starving!	576711	Estou faminto!
1755	Do you have friends in Antigua?	406466	Você tem amigos na Antígua?
1756	A cubic meter corresponds to 1000 liters.	886683	Um metro cúbico corresponde a 1000 litros.
1757	I have so much work that I will stay for one more hour.	886684	Eu tenho tanto trabalho que vou ficar por mais uma hora.
1757	I have so much work that I will stay for one more hour.	2356858	Tenho tanto trabalho que ficarei por mais uma hora.
1758	I am married and have two children.	347682	Eu sou casado e tenho dois filhos.
1759	He plays the piano very well.	405221	Ele toca muito bem piano.
1760	I see it rarely.	340587	Eu o vejo raramente.
1761	I'd like to study in Paris.	340320	Eu gostaria de estudar em Paris.
1762	You don't know who I am.	886685	Você não sabe quem eu sou.
1763	Why don't you eat vegetables?	405547	Por que você não come frutas e verduras?
1763	Why don't you eat vegetables?	405548	Por que você não come vegetais?
1764	Why do people go to the movies?	886686	Por que as pessoas vão ao cinema?
1765	I'm undressing.	886687	Estou me despindo.
1766	The car crashed into the wall.	405400	O carro bateu no muro.
1767	There are no real visions.	886688	Não há visões reais.
1768	There's no point saying "Hi, how are you?" to me if you have nothing else to say.	375799	Não há razão para você me dizer "Oi, como vai?" se você não tiver nada além disso a dizer.
1769	In a dictionary like this one there should be at least two sentences with "fridge".	886690	Num dicionário como este deveria haver pelo menos duas frases com "geladeira".
1770	Creationism is a pseudo-science.	886691	O criacionismo é uma pseudociência.
1771	The wind calmed down.	886693	O vento se acalmou.
1772	I don't want to propose to you!	886694	Não quero pedir a sua mão!
1773	Give me time to give you everything I have!	886695	Dê-me tempo para lhe dar tudo o que eu tenho!
1774	A democrat is a free citizen who yields to the will of the majority.	886697	Um democrata é um cidadão livre que cede à vontade da maioria.
1775	Where there's a will, there's a way.	405094	Querer é poder.
1776	Who searches, finds.	405101	Quem procura encontra.
1777	Rome wasn't built in a day.	404809	Roma não foi construída em um único dia.
1778	Silence gives consent.	786856	Quem cala consente.
1778	Silence gives consent.	1155396	Silêncio é consentimento.
1779	"Have you finished?" "On the contrary, I have not even begun yet."	417808	"Você terminou?" "Ao contrário, eu ainda nem comecei."
1780	"Good morning", said Tom with a smile.	405120	"Bom dia", disse Tom sorrindo.
1781	Why does one say "Good day" when the day is not good?	886698	Por que é que se diz "Bom dia" quando o dia não é bom?
1782	Wine is poetry in bottles.	886699	O vinho é poesia engarrafada.
1783	That was the best day of my life.	417806	Aquele foi o melhor dia da minha vida.
1784	I don't understand German.	397700	Eu não entendo alemão.
1785	I made my decision.	405297	Minha decisão foi tomada.
1786	I give you my word.	340636	Eu lhe dou minha palavra.
1786	I give you my word.	1359842	Dou-lhe minha palavra.
1788	You are the great love of my life.	410447	Você é o grande amor da minha vida.
1789	Being objective means not telling everybody whose side you are on.	886702	Ser objetivo significa não dizer a todos de que lado você está.
1790	We have a Pope.	417805	Nós temos um papa.
1790	We have a Pope.	1564593	Temos um papa.
1791	The whole is greater than the sum of the parts.	886703	O todo é maior do que a soma das partes.
1792	A mathematical truth is neither simple nor complicated; it is.	380489	Uma verdade matemática não é nem simples nem complicada. Ela simplesmente é.
1793	Mathematicians are poets, except that they have to prove what their fantasy creates.	886704	Os matemáticos são poetas, só que têm de provar o que sua fantasia cria.
1794	Mathematicians are like French people: whatever you tell them they translate it into their own language and turn it into something totally different.	417807	Matemáticos são como os franceses: seja o que for que você disser a eles, eles traduzem em sua própria linguagem e transformam em uma coisa totalmente diferente.
1795	An expert is someone who knows some of the worst mistakes that can be made in his field, and how to avoid them.	886705	Um esperto é alguém que conhece alguns dos piores erros que podem ser cometidos em seu campo, e sabe como evitá-los.
1797	There are 10 types of people in the world: those who understand binary, and those who don't.	417809	Há 10 tipos de pessoas no mundo: aquelas que entendem binário e aquelas que não entendem.
1798	I don't think, therefore I am not.	417810	Eu não penso, logo não existo.
1799	Nowadays we want our children to make their own decisions, but we expect those decisions to please us.	417811	Atualmente nós queremos que nossos filhos tomem suas próprias decisões, mas nós esperamos que essas decisões nos agradem.
1800	Don't worry, be happy!	417812	Não fique preocupado, fique feliz!
1801	I find foreign languages very interesting.	405282	Eu acho idiomas estrangeiros muito interessantes.
1802	I don't like learning irregular verbs.	380518	Eu não gosto de estudar verbos irregulares.
1802	I don't like learning irregular verbs.	1795459	Não gosto de aprender verbos irregulares.
1803	Take a book and read it.	380517	Pegue um livro e o leia!
1803	Take a book and read it.	1825644	Peguem um livro e leiam-no!
1804	Face life with a smile!	340361	Encare a vida com um sorriso!
1805	Most schools were designed not to transform society, but to reproduce it.	886706	A maioria das escolas não foi projetada para transformar a sociedade, mas para reproduzi-la.
1806	You make me dream.	376749	Você me faz sonhar.
1807	I'm beside myself with joy.	886707	Estou cheio de alegria.
1808	He's already a man.	406564	Ele já é um homem.
1809	The vacation is over now.	340342	As férias acabaram agora.
1810	I'm afraid to fall.	380515	Tenho medo de cair.
1810	I'm afraid to fall.	380516	Estou com medo de cair.
1811	Evening dress is desired.	886708	Vestidos de baile são cobiçados.
1812	That's the absolute truth.	380490	É a pura verdade.
1813	It's cold.	341138	Está frio.
1814	I'm thirsty.	397654	Estou com sede.
1815	When I ask people what they regret most about high school, they nearly all say the same thing: that they wasted so much time.	886711	Quando pergunto às pessoas o que elas mais lamentam sobre a escola secundária, quase todos dizem a mesma coisa: que perderam muito tempo.
1817	When you can't do what you want, you do what you can.	417814	Quando você não pode fazer o que quer, você faz o que pode.
1818	Give him an inch and he'll take a yard.	417815	Dê a ele uma mão e ele vai querer o braço inteiro.
1819	You did this intentionally!	405555	Você fez isso intencionalmente.
1820	You didn't tell him anything?	405107	Você não disse nada para ele?
1821	You made me lose my mind.	417816	Você me fez perder a cabeça.
1821	You made me lose my mind.	417817	Você me fez perder a calma.
1822	You're my type.	405563	Você é o meu tipo.
1823	You're irresistible.	405559	Você é irresistível.
1824	Could you call again later, please?	380514	Você poderia telefonar de novo mais tarde, por favor?
1825	Who am I talking with?	405097	Com quem eu falo?
1825	Who am I talking with?	405098	Quem é?
1825	Who am I talking with?	405099	Eu estou falando com quem?
1826	I accept, but only under one condition.	340586	Eu aceito, mas apenas sob uma condição.
1827	Smile now, cry later!	417818	Sorria agora, chore depois!
1828	At the age of six he had learned to use the typewriter and told the teacher that he did not need to learn to write by hand.	405611	Aos seis anos de idade ele tinha aprendido a usar a máquina de escrever e disse ao professor que ele não precisava aprender a escrever a mão.
1829	Life is beautiful.	380513	A vida é bela.
1830	There are days where I feel like my brain wants to abandon me.	899637	Tem dias que eu me sinto como se meu cérebro quisesse me abandonar.
1831	I can't cut my nails and do the ironing at the same time!	417819	Eu não consigo cortar minhas unhas e passar roupa ao mesmo tempo!
1832	I can't take it anymore! I haven't slept for three days!	406647	Eu não aguento mais! Eu não durmo faz três dias!
1833	He doesn't want you to tell him about your sex life.	417820	Ele não quer que você fale para ele sobre a sua vida sexual.
1834	Have you ever eaten a banana pie?	417821	Você já comeu torta de banana?
1835	Why would you marry a woman if you like men?	417822	Por que você se casaria com uma mulher se você gosta de homens?
1836	If you can't have children, you could always adopt.	417823	Se você não pode ter filhos, você sempre terá a opção de adotar.
1837	Are you for or against abortions?	405605	Você é a favor ou contra abortos?
1838	What made you change your mind?	381484	O que fez você mudar de ideia?
1839	Hey, look, a three-headed monkey!	393114	Ei, olhe, um macaco de três cabeças!
1840	It's a pity that you can't buy miracles like you would buy potatoes.	417824	É uma pena que você não possa comprar milagres da mesma forma que compra batatas.
1841	I love lasagna.	375147	Eu amo lasanha.
1842	If you know that something unpleasant will happen, that you will go to the dentist for example, or to France, then that is not good.	2599451	Se você sabe que algo desagradável vai acontecer, que você vai ir ao dentista por exemplo, ou à França, então isso não é bom.
1844	Prime numbers are like life; they are completely logical, but impossible to find the rules for, even if you spend all your time thinking about it.	3448185	Números primos são como a vida; eles são completamente lógicos, mas é impossível encontrar suas regras, mesmo se você passar todo o seu tempo pensando sobre isso.
1846	The brain is just a complicated machine.	417825	O cérebro é somente uma máquina complicada.
1848	This baby penguin is too cute!	417826	Esse bebê pinguim é muito fofo!
1850	I'm at the hospital. I got struck by lightning.	417827	Estou no hospital. Fui atingido por um raio.
1851	Let's face it, it's impossible. We're never gonna make it.	417828	Vamos encarar, é impossível. Nunca vamos fazer isso.
1852	What is your greatest source of inspiration?	417829	Qual é a sua maior fonte de inspiração?
1853	You don't marry someone you can live with — you marry the person whom you cannot live without.	340726	Não se casa com aquele com quem se pode viver - casa-se com a pessoa sem a qual não se pode viver.
1854	In theory, there is no difference between theory and practice. But, in practice, there is.	1561534	Em teoria, não tem diferença entre teoria e prática. Mas, na prática, tem.
1856	There are people in the world so hungry, that God cannot appear to them except in the form of bread.	748938	Há pessoas no mundo tão famintas que Deus não pode aparecer para elas exceto na forma de pão.
1857	Anything that is too stupid to be spoken is sung.	405599	Tudo que é muito estúpido para ser dito é cantado.
1859	I was rereading the letters you sent to me.	417830	Eu estava relendo as cartas que você me mandou.
1860	I don't want to go to school.	404989	Eu não quero ir à escola.
1860	I don't want to go to school.	3633411	Eu não quero ir pra escola.
1861	It's over between us. Give me back my ring!	939667	Está tudo acabado entre nós. Devolva meu anel!
1862	It is raining.	341136	Está chovendo.
1863	I was planning on going to the beach today, but then it started to rain.	381667	Eu estava planejando ir à praia hoje, mas então começou a chover.
1864	She's really smart, isn't she?	393115	Ela é realmente inteligente, não é?
1866	People who love doubt nothing, or doubt everything.	389304	As pessoas que amam não duvidam de nada. Ou duvidam de tudo.
1867	Justice is expensive.	405338	A justiça é cara.
1869	The slowest one to make a promise is the most faithful one in keeping it.	2455840	Aquele que é o mais lento ao prometer sempre é o mais fiel no cumprir.
1869	The slowest one to make a promise is the most faithful one in keeping it.	3088682	Quem mais demora em prometer sempre é o mais fiel em cumprir.
1870	Every opinion is a mixture of truth and mistakes.	380491	Toda opinião é uma mistura de verdade e erro.
1871	Life is a fatal sexually transmitted disease.	418253	A vida é uma doença fatal sexualmente transmissível.
1873	Our opinion is an idea which we have; our conviction an idea which has us.	417831	Nossa opinião é uma ideia que possuímos; nossa convicção, uma ideia que nos possui.
1874	Tomorrow, I'm going to study at the library.	405083	Amanhã eu vou estudar na biblioteca.
1875	Too late.	405528	Tarde demais.
1876	I went to the zoo yesterday.	417832	Eu fui ao zoológico ontem.
1876	I went to the zoo yesterday.	519641	Ontem eu fui ao zoológico.
1877	We won the battle.	417833	Nós vencemos a batalha.
1878	Hello? Are you still here?	340712	Oi? Ainda estás aí?
1878	Hello? Are you still here?	406566	Oi? Você ainda está aí?
1879	I make lunch every day.	418252	Eu faço almoço todo dia.
1879	I make lunch every day.	1639471	Eu preparo o almoço todo dia.
1880	I watched TV this morning.	418251	Eu assisti televisão hoje de manhã.
1880	I watched TV this morning.	1576782	Vi televisão hoje de manhã.
1880	I watched TV this morning.	1576783	Eu vi televisão hoje de manhã.
1881	I read a book while eating.	340713	Eu li um livro durante a refeição.
1881	I read a book while eating.	2585571	Eu li um livro enquanto comi.
1882	I slept a little during lunch break because I was so tired.	381459	Eu dormi um pouco durante o intervalo para almoço porque eu estava muito cansado.
1882	I slept a little during lunch break because I was so tired.	1486320	Eu dormi um pouco durante o intervalo para almoço porque eu estava muito cansada.
1883	I started learning Chinese last week.	417835	Eu comecei a aprender chinês semana passada.
1883	I started learning Chinese last week.	1710196	Comecei a estudar chinês na semana passada.
1885	I live near the sea, so I often get to go to the beach.	418250	Eu moro perto do mar, então eu frequentemente vou para a praia.
1886	Someday I will buy a cotton candy machine.	417834	Um dia eu vou comprar uma máquina de fazer algodão doce.
1887	It's practical to have a laptop.	417836	Ter um laptop é prático.
1888	Your glasses fell on the floor.	417837	Seus óculos caíram no chão.
1889	How many times a day do you look at yourself in the mirror?	417838	Quantas vezes ao dia você se olha no espelho?
1890	We went to London last year.	418249	Nós fomos para Londres no ano passado.
1891	She doesn't want to talk about it.	417839	Ela não quer falar sobre isso.
1892	I lost my inspiration.	389287	Eu perdi minha inspiração.
1895	It doesn't mean anything!	417841	Não quer dizer nada!
1896	Be patient please. It takes time.	417842	Seja paciente, por favor. Leva algum tempo.
1897	Close the door when you leave.	396280	Feche a porta quando sair.
1898	This is such a sad story.	418244	Esta é uma história tão triste.
1898	This is such a sad story.	3276803	Esta é uma história muito triste.
1899	If there's no solution, then there's no problem.	417843	Se não há solução, então não há problema.
1900	My little brother is watching TV.	417844	Meu irmão pequeno está vendo televisão.
1903	Denying she was an anarchist, Katja maintained she wished only to make changes in our government, not to destroy it.	389296	Negando que ela era uma anarquista, Katja insistia que ela somente desejava fazer mudanças no nosso governo, não destruí-lo.
1906	When you send a telegram, brevity is essential because you will be charged for every word.	417988	Quando você envia um telegrama, a brevidade é essencial, pois você será cobrado por cada palavra.
1909	You met him at the university?	417845	Você o conheceu na universidade?
1910	Aaah!! My computer is broken!	417846	Aaahh! Meu computador está quebrado!
1911	The private colleges and universities of the United States are autonomous.	417847	As faculdades e universidades dos EUA são autônomas.
1913	From the moment that I knew that the university existed, I've wanted to go there.	912235	A partir do momento que eu soube que a universidade existia, eu quis ir para lá.
1919	Yes, it happens from time to time.	417848	Sim, acontece de tempos em tempos.
1919	Yes, it happens from time to time.	417849	Isso, ocorre de vez em quando.
1922	Most people only want to hear their own truth.	380492	A maioria das pessoas só quer ouvir as suas próprias verdades.
1930	When I have migraines, aspirin doesn't alleviate the pain for me.	904608	Quando eu estou com enxaqueca, a aspirina não alivia minha dor.
1940	Even people who don't believe in the Catholic church venerate the Pope as a symbolic leader.	341281	Mesmo as pessoas que não creem na igreja católica veneram o papa como autoridade simbólica.
1950	If Spenser doesn't keep adding and translating sentences, the other contributors will surely surpass him.	418242	Se Spenser não continuar adicionando e traduzindo sentenças, os outros colaboradores com certeza vão ultrapassá-lo.
1953	It depends what you mean by "believe" in God.	418241	Depende do que você quer dizer com "acreditar" em Deus.
1967	When both girls told John they had feelings for him, he was in a quandary as to which girl he should be with.	1305803	Quando as duas meninas disseram a John que sentiam algo por ele, ele se viu no dilema de decidir com qual deveria ficar.
1970	Johnson is a recluse; he prefers to isolate himself from the rest of the students in our class.	341259	Johnson é um recluso; ele prefere se isolar do resto dos alunos de nossa classe.
1973	The witnesses were able to refute the false testimony of the suspect.	651919	As testemunhas conseguiram refutar o falso depoimento do suspeito.
1976	Shocked by the events of September 11th, politicians all over the world condemned the terrorists for their reprehensible deed.	3428155	Chocados pelos eventos de 11 de setembro, políticos de todo o mundo condenaram os terroristas por seu feito repreensível.
1984	Tim is a huge fan of satirical comedy.	2096548	Tim é um grande fã de comédia satírica.
1988	People are often quite skeptical about things unless given believable proof.	421747	As pessoas são geralmente bem céticas em relação às coisas a menos que sejam dadas provas credíveis.
1997	Bill Clinton spoke in ambiguous language when asked to describe his relationship with Monica Lewinsky.	933734	Bill Clinton falou com ambiguidade quando foi-lhe perguntado sobre o seu relacionamento com Monica Lewinsky.
2000	The wealthy, self-indulgent young man felt oddly drawn to the strict, ascetic life led by members of some monastic orders.	1593659	O jovem rico e comodista sentiu-se estranhamente atraído pela vida regrada e ascética dos membros de algumas ordens monásticas.
2003	What criterion did you use when you elected this essay as the winner?	1645774	Que critério você usou quando escolheu este ensaio como o vencedor?
2007	I like my job very much.	340446	Eu gosto muito do meu trabalho.
2013	A small forest fire can easily spread and quickly become a great conflagration.	1249055	Um pequeno fogo na floresta pode se espalhar facilmente e se tornar um grande incêndio rapidamente.
2022	I dreamt about you.	405278	Eu sonhei com você.
2024	I won't lose!	404844	Eu não vou perder!
2024	I won't lose!	517780	Eu não perderei!
2025	I was late to school.	886624	Cheguei tarde à escola.
2026	Classes are starting again soon.	405170	As aulas logo recomeçarão.
2029	This day was just a waste of time and money.	418240	Este dia foi só uma perda de tempo e dinheiro.
2031	But you've never told me about this!	405163	Mas você nunca me disse isso!
2032	I've changed my website's layout.	389297	Eu mudei o layout da minha página.
2036	Sorry, I don't think I'm gonna be able to.	913102	Sinto muito, acho que não serei capaz.
2036	Sorry, I don't think I'm gonna be able to.	913104	Desculpe, acho que não vou poder.
2039	Come on! Talk to me, Trang.	340730	Vamos! Fale comigo, Trang.
2041	Take the other chair!	950403	Pegue outra cadeira!
2041	Take the other chair!	1072468	Pegue a outra cadeira!
2041	Take the other chair!	1072469	Pega a outra cadeira!
2042	How many sandwiches are there left?	417989	Quantos sanduíches restam?
2042	How many sandwiches are there left?	417990	Quantos sanduíches ainda tem?
2043	I'm not inspired anymore.	417991	Eu não estou mais inspirado.
2045	We could see the sunset from the window.	417992	Nós podíamos ver o pôr do sol pela janela.
2046	It's driving me crazy.	1487891	Está a dar comigo em doido.
2047	Did you say that I could never win?	405172	Você disse que eu nunca poderia ganhar?
2048	It's all dark outside.	417993	Lá fora está totalmente escuro.
2048	It's all dark outside.	417994	Está um breu total lá fora.
2049	What happened? There's water all over the apartment.	417995	O que aconteceu? Há água por todo o apartamento.
2049	What happened? There's water all over the apartment.	2804092	O que aconteceu? Há água por todo o apartamento!
2050	During summer breaks, I ate dinner at midnight.	1441663	Durante as férias de verão, eu jantava à meia-noite.
2051	You can finish your essay now.	2105292	Tu podes terminar teu ensaio agora.
2052	You will say and do things your parents said and did, even if you swore you would never do them.	417997	Você fará coisas que os seus pais disseram e fizeram, mesmo que você tenha jurado que nunca faria.
2053	I am alive even though I am not giving any sign of life.	418239	Estou vivo, apesar de eu não dar nenhum sinal de vida.
2054	Never try to die.	417996	Nunca tente morrer.
2055	I am too old for this world.	418238	Estou muito velho para esse mundo.
2056	Life begins when we realize who we really are.	417998	A vida começa quando nós descobrimos quem realmente somos.
2057	Life starts when you decide what you are expecting from it.	417999	A vida começa quando você decide o que é que você espera dela.
2058	Life begins when you pay taxes.	418236	A vida começa quando você paga impostos.
2059	What you don't have is better than what you do have.	418237	O que você não tem é melhor do que o que você tem.
2060	Life begins when you're ready to live it.	418000	A vida começa quando você está pronto para vivê-la.
2061	It is never too late to learn.	404854	Nunca é tarde demais para aprender.
2061	It is never too late to learn.	1377974	Nunca é demasiado tarde para se aprender.
2063	He told me the story of his life.	406563	Ele me contou a história da vida dele.
2064	I never said I was fragile.	418001	Eu nunca disse que eu era frágil.
2065	I wonder if I am made for this world.	418002	Eu me pergunto se eu fui feito para esse mundo.
2065	I wonder if I am made for this world.	1734881	Será que eu fui feito para este mundo?
2066	What are you talking about?	340728	Do que estás a falar?
2066	What are you talking about?	404869	Sobre o que você está falando?
2068	I knew that today would be fun.	418003	Eu sabia que hoje seria divertido.
2073	When are we eating? I'm hungry!	340325	Quando iremos comer? Eu estou com fome!
2075	I have class tomorrow.	405284	Eu tenho aula amanhã.
2076	I can't believe it!	418005	Eu não consigo acreditar nisso!
2077	"Thank you." "You're welcome."	395116	"Obrigado." "De nada."
2077	"Thank you." "You're welcome."	480918	"Obrigada." "Disponha."
2078	How do you pronounce "pronounce"?	340595	Como se pronuncia "pronounce"?
2079	Winter is my favorite season.	405104	O inverno é a minha estação favorita.
2080	It's difficult to have great ideas.	418235	É difícil ter boas ideias.
2080	It's difficult to have great ideas.	951541	É difícil ter grandes ideias.
2083	I learned a lot from you.	418006	Eu aprendi muito com você.
2084	We walked a lot.	418007	Nós andamos muito.
2084	We walked a lot.	418008	Nós caminhamos um bocado.
2085	I spent twelve hours on the train.	418234	Eu passei doze horas no trem.
2087	Hold on, someone is knocking at my door.	406598	Espere, alguém está batendo na porta.
2088	He's rich. He doesn't need money!	418233	Ele é rico. Ele não precisa de dinheiro!
2089	He's sleeping like a baby.	404960	Ele está dormindo como um bebê.
2090	They're making too much noise. I can't concentrate.	418009	Elas estão fazendo muito barulho; eu não consigo me concentrar.
2091	I want a massage. I need to relax.	418232	Eu quero uma massagem. Eu preciso relaxar.
2092	You're sick. You have to rest.	340736	Estás doente, tu precisas repousar.
2092	You're sick. You have to rest.	418010	Você está doente e precisa repousar.
2093	There's a secret path on the left.	418011	Há um caminho secreto à esquerda.
2095	She's asking for the impossible.	418012	Ela está pedindo o impossível.
2096	He disappeared without a trace.	417864	Ele desapareceu sem deixar pistas.
2097	I can place the palms of my hands on the floor without bending my knees.	418013	Eu consigo colocar as palmas das minhas mãos no chão sem dobrar os joelhos.
2098	There cannot be progress without communication.	418230	Não pode haver progresso sem comunicação.
2099	Everyone would like to believe that dreams can come true.	406508	Todos gostariam de acreditar que os sonhos podem se tornar realidade.
2100	The best way to make your dreams come true is to wake up.	418014	A melhor forma de tornar seus sonhos realidade é acordar.
2101	The world doesn't revolve around you.	340597	O mundo não gira ao redor de ti.
2101	The world doesn't revolve around you.	2308668	O mundo não gira ao seu redor.
2102	The world is full of fools.	418228	O mundo está cheio de tolos.
2102	The world is full of fools.	517522	O mundo está cheio de imbecis.
2103	Are you saying my life is in danger?	405607	Você está dizendo que minha vida corre perigo?
2104	Do you have any idea what my life is like?	418015	Você tem alguma ideia de como a minha vida é?
2104	Do you have any idea what my life is like?	418016	Você faz ideia de como é a minha vida?
2105	This place has a mysterious atmosphere.	418229	Esse lugar tem uma atmosfera misteriosa.
2105	This place has a mysterious atmosphere.	999717	Este lugar tem uma atmosfera misteriosa.
2107	So what if I am gay? Is it a crime?	377943	E se eu for gay? Agora isso é um crime?
2107	So what if I am gay? Is it a crime?	377944	E se eu for homossexual? Isso é crime?
2107	So what if I am gay? Is it a crime?	3466049	E daí se eu sou gay? É crime?
2108	My life is hollow without him.	418227	Minha vida é vazia sem ele.
2109	I don't want to fail my exams.	418222	Eu não quero reprovar nas minhas provas.
2110	My mother bought two bottles of orange juice.	418226	Minha mãe comprou duas garrafas de suco de laranja.
2111	She was wearing a black hat.	405376	Ela estava usando um chapéu preto.
2112	We made pancakes for breakfast.	418217	Fizemos panquecas para o café da manhã.
2114	I spent the whole afternoon chatting with friends.	418225	Eu passei a tarde toda conversando com amigos.
2115	I want to be more independent.	405310	Eu quero ser mais independente.
2116	Are you just going to stand there all day?	418017	Você vai simplesmente ficar aí parado o dia todo?
2117	A rabbit has long ears and a short tail.	418018	Um coelho tem orelhas longas e rabo pequeno.
2118	My heart was filled with happiness.	418214	Meu coração estava cheio de felicidade.
2119	He wishes to erase bad memories.	418213	Ele quer apagar as lembranças ruins.
2120	Sir, you are not allowed to park your car here.	418210	Senhor, você não tem permissão de estacionar seu carro aqui.
2121	Your secret will be safe with me.	418019	Seu segredo estará a salvo comigo.
2122	I don't want to hear any more of your complaining.	418211	Eu não quero mais ouvir suas reclamações.
2123	Tell them to call me before they leave.	418020	Diga-lhes para me ligarem antes de saírem.
2124	You should have refused such an unfair proposal.	418022	Você não devia ter aceitado uma proposta tão desonesta.
2124	You should have refused such an unfair proposal.	1669617	Você deveria ter recusado uma oferta tão injusta.
2125	I don't have the strength to keep trying.	418021	Eu não tenho forças para continuar tentando.
2126	Mathematics is not just the memorization of formulas.	418023	Matemática não é só a memorização de fórmulas.
2126	Mathematics is not just the memorization of formulas.	957135	A matemática não é simplesmente a memorização de fórmulas.
2127	I didn't mean to give you that impression.	340336	Eu não tive a intenção de te passar tal impressão.
2128	Yes! I won twice in a row!	418024	Isso! Ganhei duas vezes seguidas!
2133	The essence of mathematics is liberty.	418026	A essência da matemática é a liberdade.
2134	Can you imagine what our lives would be like without electricity?	418027	Você consegue imaginar como as nossas vidas seriam sem a eletricidade?
2134	Can you imagine what our lives would be like without electricity?	2144858	Você consegue imaginar como seriam nossas vidas sem a eletricidade?
2134	Can you imagine what our lives would be like without electricity?	2144859	Vocês conseguem imaginar como seriam nossas vidas sem a eletricidade?
2134	Can you imagine what our lives would be like without electricity?	2144860	Você pode imaginar como seriam nossas vidas sem a eletricidade?
2136	Where is the bathroom?	404794	Onde fica o banheiro?
2136	Where is the bathroom?	404795	Onde posso encontrar um banheiro?
2137	If you lend someone $20 and never see that person again, it was probably worth it.	418028	Se você empresta $20 e nunca mais vê essa pessoa, provavelmente valeu a pena.
2138	The essence of liberty is mathematics.	405071	A essência da liberdade é a matemática.
2139	His story was too ridiculous for anyone to believe.	418208	A história dele era ridícula demais para alguém acreditar nela.
2140	How many hours of sleep do you need?	404973	Você precisa de quantas horas de sono?
2141	Each person is a world.	418029	Cada pessoa é um mundo.
2142	I have French nationality but Vietnamese origins.	418207	Eu tenho nacionalidade francesa, mas origem vietnamita.
2143	It's very frustrating to try to find your glasses when you can't see anything without glasses.	418030	É uma grande frustração tentar achar seus óculos quando você não pode ver nada sem eles.
2144	Do you think mankind will someday colonize the Moon?	405112	Você acha que os seres humanos um dia vão colonizar a lua?
2148	I don't know what is worse.	418031	Eu não sei o que é pior.
2149	Life in prison is worse than the life of an animal.	418032	A vida na prisão é pior do que a vida de um animal.
2151	Beauty lies in the eyes of the one who sees.	418203	A beleza está nos olhos de quem a vê.
2152	Who buys this type of art?	340335	Quem compra este tipo de arte?
2156	What... you still don't know how to drive?	418033	O quê? Você ainda não sabe dirigir?
2158	I feel that I am free.	957111	Sinto que sou livre.
2159	Freedom is not free.	406519	A liberdade não é de graça.
2159	Freedom is not free.	406520	A liberdade não vem sem esforço.
2161	I want an MP3 player!	405309	Eu quero um tocador de MP3!
2162	My brother is very important. At least he thinks he is.	920591	Meu irmão é muito importante, ou pelo menos ele pensa que é.
2166	What?! You ate my chocolate bear?!	418034	O quê?! Você comeu meu urso de chocolate?!
2168	Where are you?	375197	Onde você está?
2172	Holy crap, who's the asshole who dares call me in the middle of the night?!	1485125	Que merda! Quem é o desgraçado que se atreve a me chamar no meio da noite?!
2174	You piss me off!	2082796	Você me irrita!
2175	No way!	411436	De jeito nenhum!
2175	No way!	411437	Impossível!
2175	No way!	411439	De maneira alguma!
2175	No way!	1151193	De modo algum!
2175	No way!	2119462	Sem chance!
2175	No way!	3216913	Nem pensar!
2177	I don't necessarily trust translations.	418201	Eu não necessariamente acredito em traduções.
2181	Life is not long, it is wide!	418035	A vida não é longa, é larga!
2182	When I was your age, Pluto was a planet.	418202	Quando eu era da sua idade, Plutão era um planeta.
2183	She is on the verge of a nervous breakdown.	418200	Ela está à beira de um colapso nervoso.
2184	Elephants are the largest land animals alive today.	418193	Os elefantes são os maiores animais terrestres vivos atualmente.
2185	If you teach me how to dance, I will show you my hidden scars.	418195	Se você me ensinar como dançar, eu te mostrarei minhas cicatrizes escondidas.
2186	The elevators in a skyscraper are vital systems.	418191	Os elevadores em arranha céus são sistemas vitais.
2187	Fruits and vegetables are essential to a balanced diet.	418189	Frutas e vegetais são essenciais para uma dieta balanceada.
2188	Cheese is a solid food made from the milk of cows, goats, sheep, and other mammals.	957118	O queijo é um alimento sólido elaborado a partir do leite de vaca, cabra, ovelha e outros mamíferos.
2191	He spent the evening reading a book.	418182	Ele passou o anoitecer lendo um livro.
2192	You have been thinking about this problem the whole morning. Take a break; go eat lunch.	418187	Você tem pensado nesse problema a manhã inteira. Dê uma parada; vá almoçar.
2193	If I don't do it now, I never will.	418037	Se eu não fizer agora, nunca farei.
2194	Good night. Sweet dreams.	397597	Boa noite. Bons sonhos.
2194	Good night. Sweet dreams.	397598	Boa noite. Sonhe com os anjos.
2195	This song is so moving that it brings tears to my eyes.	340368	Esta canção é tão comovente que me traz lágrimas aos olhos.
2196	There are a lot of things you don't know about my personality.	418180	Há muitas coisas que você não conhece sobre a minha personalidade.
2198	Everyone deserves a second chance.	377356	Todo mundo merece uma segunda chance.
2200	What is the advantage of this technology?	418181	Qual é a vantagem dessa tecnologia?
2201	If you do not have this program, you can download it now.	418039	Se você não tem esse programa, você pode baixá-lo agora.
2204	Gonzales offers a bike to all his employees in Europe.	418040	Gonzales dá uma bicicleta a todos seus funcionários na Europa.
2205	There are 1000 movies that one must watch before dying.	418178	Há 1000 filmes que se deve assistir antes de morrer.
2206	I have been told that I am pragmatic, and I am.	340468	Disseram-me que eu sou pragmático, e eu sou.
2206	I have been told that I am pragmatic, and I am.	975872	Disseram-me que sou pragmática, e sou mesmo.
2208	I'm running out of ideas.	405000	Minhas ideias estão acabando.
2208	I'm running out of ideas.	405001	Estou ficando sem ideias.
2209	The seven questions that an engineer has to ask himself are: who, what, when, where, why, how and how much.	340383	As sete questões que um engenheiro deve se perguntar: quem, o quê, quando, onde, por quê, como e quantos.
2210	You are still asking yourself what the meaning of life is?	418041	Você ainda está se perguntando qual é o sentido da vida?
2211	When can one say that a person has alcohol issues?	378430	Quando pode ser dito que uma pessoa tem problemas com álcool?
2212	Remember that we are all in the same boat.	340631	Pense que estamos todos no mesmo barco!
2214	Check that your username and password are written correctly.	405169	Cheque se o seu nome de usuário e sua senha foram escritos corretamente.
2214	Check that your username and password are written correctly.	517294	Verifique que seu nome de usuário e sua senha estejam corretamente escritos.
2215	Goodbyes are always sad.	418043	Despedidas são sempre tristes.
2216	Don't forget about us!	380502	Não se esqueça de nós.
2217	Time has passed very fast.	418176	O tempo passou bem rápido.
2217	Time has passed very fast.	1708639	O tempo passou muito rápido.
2218	Which is your luggage?	418177	Qual é a sua bagagem?
2220	There are also nightclubs where you dance flamenco.	418044	Também há boates onde se dança flamenco.
2221	The entrée includes a beverage.	340724	A entrada inclui uma bebida.
2222	I suggest that we go out on Friday.	418045	Eu sugiro que a gente saia na sexta.
2224	Do you have professional experience?	418046	Você tem experiência profissional?
2225	How much do you leave for a tip in Spain?	418175	Quanto você dá de gorjeta na Espanha?
2226	Who painted this painting?	418047	Quem fez essa pintura?
2227	At this hour, there is incredible traffic.	418048	Nessa hora há um tráfego incrível.
2228	We men are used to waiting for the women.	418173	Nós homens somos acostumados a esperar pelas mulheres.
2229	Aren't you ashamed to talk like that?	418049	Você não tem vergonha de falar desse jeito?
2231	He's Argentinean and he gives tennis lessons.	418050	Ele é argentino e dá aula de tênis.
2235	I am four months pregnant.	418172	Estou grávida de quatro meses.
2236	I've got a pacemaker.	340420	Eu uso um marca-passo.
2238	Can I pay by credit card?	405166	Posso pagar com cartão de crédito?
2239	Cut, wash and dry, please.	393509	Corte, lave e seque, por favor.
2241	I feed my cat every morning and every evening.	418171	Eu alimento meu gato toda manhã e toda noite.
2242	Could you please repeat that?	418051	Você poderia, por favor, repetir isso?
2243	Generally, who visits their parents more, sons or daughters?	418052	De uma forma geral, quem visita mais seus pais, filhos ou filhas?
2244	It would of course be cheaper for you to sleep at our place.	418053	Claro que seria mais barato para você dormir na nossa casa.
2246	Every effort deserves a reward.	418054	Toda tentativa merece uma recompensa.
2247	It costs an arm and a leg.	418055	Custa um braço e uma perna.
2248	More than 90 percent of visits to a web page are from search engines.	418056	Mais de 90 por cento das visitas a uma página web são de motores de busca.
2249	I need your advice.	418057	Eu preciso do seu conselho.
2249	I need your advice.	893352	Preciso que você me dê um conselho.
2249	I need your advice.	2139275	Preciso do seu conselho.
2250	Any chance you know where I put my keys?	418168	Por um acaso você sabe onde eu pus minhas chaves?
2251	I'm getting ready for the worst.	418058	Estou me preparando para o pior.
2253	That sounds interesting. What did you tell her?	418059	Isso parece ser interessante. O que você disse a ela?
2255	Little by little, you will notice improvement in your writings.	418060	Pouco a pouco, você vai notar melhoras nos seus textos.
2256	I knew it was plastic but it tasted like wood.	418061	Eu sabia que era plástico, mas tinha gosto de madeira.
2257	Sometimes Spenser cares so much about Trang that he leads her to believe he is being overprotective.	418062	Às vezes Spenser se preocupa tanto com Trang que ele leva ela a pensar que ele está sendo superprotetor.
2258	There are things in this world which simply cannot be expressed in the form of words.	418063	Há coisas nesse mundo que simplesmente não podem ser expressadas em forma de palavras.
2259	The most perfidious way of harming a cause consists of defending it deliberately with faulty arguments.	2456474	A forma mais traiçoeira de prejudicar uma causa consiste em defendê-la por argumentos falhos deliberadamente.
2260	Take good care of yourself.	418064	Cuide-se bem.
2263	The functions sine and cosine take values between -1 and 1 (-1 and 1 included).	418065	As funções seno e cosseno retornam valores entre -1 e 1 (-1 e 1 incluídos).
2264	I am against using death as a punishment. I am also against using it as a reward.	418169	Eu sou contra usar a morte como punição. Também sou contra usá-la como recompensa.
2265	The second half of a man's life is made up of nothing but the habits he has acquired during the first half.	389305	A segunda metade da vida de um homem não é nada mais além do que os hábitos que ele adquiriu na primeira metade.
2266	Can I stay at your place? I have nowhere to go.	418066	Posso ficar na sua casa? Não tenho para onde ir.
2268	If only we'd stop trying to be happy we could have a pretty good time.	418067	Se pelo menos nós parássemos de tentar sermos felizes, nós poderíamos ter um momento feliz.
2271	Death is only a horizon, and a horizon is nothing save the limit of our sight.	418068	A morte é um horizonte; e um horizonte não é nada mais que o limite da nossa visão.
2272	The scientific theory I like the best is that the rings of Saturn are composed entirely of lost luggage.	389288	A teoria científica que eu mais gosto é a de que os anéis de Saturno são compostos inteiramente de bagagens perdidas.
2273	The only way on Earth to multiply happiness is to divide it.	418069	A única forma na Terra de multiplicar a felicidade é dividi-la.
2274	A known mistake is better than an unknown truth.	380493	Um erro conhecido é melhor do que um fato desconhecido.
2274	A known mistake is better than an unknown truth.	2456419	Um erro conhecido é melhor que uma verdade desconhecida.
2275	Life is not an exact science, it is an art.	340451	A vida não é uma ciência exata, ela é uma arte.
2276	Everything is theoretically impossible until it's done.	418070	Tudo é teoricamente impossível até que seja feito.
2277	Until you make peace with who you are, you'll never be content with what you have.	418071	Até que você esteja em paz com o que você é, você nunca estará satisfeito com o que tem.
2278	You may be disappointed if you fail, but you are doomed if you don't try.	913105	Você pode ficar desapontado se falhar, mas estará condenado se não tentar.
2282	Only those who risk going too far will know how far one can go.	418072	Somente aqueles que se arriscam a ir longe demais vão saber quão longe se pode chegar.
2283	Every man takes the limits of his own field of vision for the limits of the world.	3492634	Todo homem toma os limites de seu próprio campo de visão pelos limites do mundo.
2284	We can travel through time. And we do at the remarkable rate of one second per second.	418073	Nós podemos viajar no tempo. E fazemos isso à incrível velocidade de um segundo por segundo.
2285	The real problem is not whether machines think but whether men do.	418074	O problema real não é se máquinas pensam, mas se homens pensam.
2286	My interest is in the future because I'm going to spend the rest of my life there.	418075	Meu interesse é no futuro porque é lá que eu vou passar o resto da minha vida.
2287	The world is a book, and those who do not travel read only a page.	418076	O mundo é um livro e aqueles que não viajam leem apenas uma página.
2289	The best way to predict the future is to invent it.	418077	A melhor forma de prever o futuro é inventá-lo.
2291	If we knew what we were doing, it wouldn't be called research, would it?	418078	Se nós soubéssemos o que é que estávamos fazendo, não seria chamado de pesquisa, seria?
2292	To the man who only has a hammer in the toolkit, every problem looks like a nail.	418167	Para o homem que só tem um martelo na sua caixa de ferramentas, todo problema parece um prego.
2294	That's the thing about people who think they hate computers. What they really hate is lousy programmers.	418079	Essa é a verdade sobre as pessoas que acham que odeiam computadores. O que eles realmente odeiam são programadores negligentes.
2295	It is not the strongest of the species that survives, not the most intelligent, but the one most responsive to change.	389298	Não é mais forte das espécies que sobrevive, nem a mais inteligente, mas a que responde mais rápido a mudanças.
2296	I think it is good that books still exist, but they do make me sleepy.	418080	Eu acho que é uma boa coisa livros ainda existirem, mas eles me dão sono.
2297	I can't understand why people are frightened of new ideas. I'm frightened of the old ones.	418081	Eu não consigo entender porque as pessoas têm medo de ideias novas. Eu tenho medo é das antigas.
2298	Hope is not a strategy.	405232	Esperança não é uma estratégia.
2299	Japan is full of beautiful cities. Kyoto and Nara, for instance.	340734	O Japão é cheio de belas cidades. Kyoto e Nara, por exemplo.
2300	They are waiting for you in front of the door.	418166	Elas estão te esperando na frente da porta.
2302	Whose is this?	893354	De quem é isso?
2303	Since Mario lied to me, I don't speak to him anymore.	340732	Desde que Mario mentiu para mim, eu não falo mais com ele.
2304	It's a good deal.	418082	É um bom acordo.
2304	It's a good deal.	893356	É um bom negócio.
2305	Pick up your things and go away.	418165	Pegue suas coisas e vá embora.
2306	Put your hands down!	418083	Abaixe suas mãos!
2307	He laughs best who laughs last.	404958	Quem ri por último ri melhor.
2308	The sooner, the better.	418084	Quanto antes, melhor.
2309	He doesn't look his age.	340585	Ele não parece ter a idade que tem.
2310	Do you like rap?	406472	Você gosta de rap?
2311	I love trips.	375148	Amo viagens.
2313	I really wasn't expecting that from you.	418085	Eu realmente não estava esperando isso de você.
2314	I've been waiting for hours.	418086	Faz horas que espero.
2314	I've been waiting for hours.	418087	Estou esperando há horas.
2315	He died at a very old age.	340340	Ele morreu em idade avançada.
2315	He died at a very old age.	1236241	Ele morreu muito velho.
2319	I don't know him.	405274	Eu não o conheço.
2322	It's not important.	380503	Não importa.
2322	It's not important.	380504	Não é importante.
2323	I don't care.	393239	Tô nem aí.
2323	I don't care.	405273	Eu não me importo.
2323	I don't care.	893357	Não estou nem aí.
2324	I was about to go out when the phone rang.	418088	Eu estava quase saindo quando o telefone tocou.
2325	Look carefully. I'm going to show you how it's done.	418089	Preste atenção. Eu vou te mostrar como se faz.
3075828	I go shopping every morning.	380567	Eu faço compras todas as manhãs.
3075828	I go shopping every morning.	734657	Eu faço compras toda manhã.
2327	People should understand that the world is changing.	389299	As pessoas deveriam entender que o mundo está mudando.
2332	I'm not convinced at all.	418090	Eu não estou nem um pouco convencido.
2333	Why do you want to leave today?	418164	Por que você quer ir embora hoje?
2334	I'm going to take my car.	380568	Vou pegar meu carro.
2336	You cannot achieve the impossible without attempting the absurd.	418092	Você não pode conseguir o impossível sem tentar o absurdo.
2337	You should only count on yourself--but even then, not too much.	418094	Você só deve contar consigo mesmo. E mesmo assim, nem tanto.
2338	To be quiet in class is to respect other people's sleep.	418095	Ficar quieto na sala de aula é respeitar o sono dos outros.
2339	Logic is a systematic method of coming to the wrong conclusion with confidence.	418096	A lógica é um método sistemático de chegar à conclusão errada com confidência.
2339	Logic is a systematic method of coming to the wrong conclusion with confidence.	2287672	A lógica é um método sistemático de chegar à conclusão errada com confiança.
2340	Cole's Axiom: The sum of the intelligence on the planet is a constant; the population is growing.	418097	Axioma de Cole: a soma da inteligência no planeta é constante; a população está crescendo.
2341	People will accept your idea much more readily if you tell them Benjamin Franklin said it first.	418098	As pessoas vão aceitar muito melhor sua ideia se você as disser que Benjamin Franklin já falou ela antes.
2343	We learn from experience that men never learn anything from experience.	390830	Aprendemos pela experiência que homens nunca aprendem nada pela experiência.
2344	Better late than never.	405615	Antes tarde do que nunca.